[{"model": "schedule.department", "pk": 1, "fields": {"name": "詩頌課", "description": ""}}, {"model": "schedule.department", "pk": 2, "fields": {"name": "幼幼班", "description": ""}}, {"model": "schedule.department", "pk": 3, "fields": {"name": "幼稚班", "description": ""}}, {"model": "schedule.department", "pk": 4, "fields": {"name": "幼年班", "description": ""}}, {"model": "schedule.department", "pk": 5, "fields": {"name": "幼年班(中日文)", "description": ""}}, {"model": "schedule.department", "pk": 6, "fields": {"name": "少年班", "description": ""}}, {"model": "schedule.department", "pk": 7, "fields": {"name": "青教組", "description": ""}}, {"model": "schedule.department", "pk": 8, "fields": {"name": "日文班", "description": ""}}, {"model": "schedule.department", "pk": 9, "fields": {"name": "口風琴班", "description": ""}}, {"model": "schedule.department", "pk": 10, "fields": {"name": "新子安", "description": ""}}, {"model": "schedule.department", "pk": 11, "fields": {"name": "中文班", "description": ""}}, {"model": "schedule.position", "pk": 1, "fields": {"name": "班負責", "description": "Class Coordinator"}}, {"model": "schedule.position", "pk": 2, "fields": {"name": "教員", "description": "Teacher"}}, {"model": "schedule.position", "pk": 3, "fields": {"name": "助教", "description": "Teaching Assistant"}}, {"model": "schedule.teacher", "pk": 1, "fields": {"name": "翁麗娜", "status": "Active", "department": 2, "position": 1, "gender": "Female", "region": null}}, {"model": "schedule.teacher", "pk": 2, "fields": {"name": "吉村美嘉", "status": "Active", "department": 2, "position": 3, "gender": "Female", "region": null}}, {"model": "schedule.teacher", "pk": 3, "fields": {"name": "邱璐", "status": "Active", "department": 2, "position": 1, "gender": "Female", "region": null}}, {"model": "schedule.teacher", "pk": 4, "fields": {"name": "王云欽", "status": "Active", "department": 2, "position": 3, "gender": "Female", "region": null}}, {"model": "schedule.teacher", "pk": 5, "fields": {"name": "翁霞霞", "status": "Active", "department": 2, "position": 3, "gender": "Female", "region": null}}, {"model": "schedule.teacher", "pk": 6, "fields": {"name": "江萍", "status": "Active", "department": 2, "position": 3, "gender": "Female", "region": null}}, {"model": "schedule.teacher", "pk": 7, "fields": {"name": "陳小紅", "status": "Active", "department": 2, "position": 2, "gender": "Female", "region": null}}, {"model": "schedule.teacher", "pk": 8, "fields": {"name": "王美娟", "status": "Active", "department": 3, "position": 2, "gender": "Female", "region": null}}, {"model": "schedule.teacher", "pk": 9, "fields": {"name": "黃穎", "status": "Active", "department": 3, "position": 1, "gender": "Female", "region": "鶴見區"}}, {"model": "schedule.teacher", "pk": 10, "fields": {"name": "王巧玲", "status": "Active", "department": 3, "position": 2, "gender": "Female", "region": null}}, {"model": "schedule.teacher", "pk": 11, "fields": {"name": "陳奇然", "status": "Active", "department": 3, "position": 2, "gender": "Female", "region": null}}, {"model": "schedule.teacher", "pk": 12, "fields": {"name": "林小麗", "status": "Active", "department": 3, "position": 1, "gender": "Female", "region": null}}, {"model": "schedule.teacher", "pk": 13, "fields": {"name": "陳鳳", "status": "Active", "department": 3, "position": 2, "gender": "Female", "region": null}}, {"model": "schedule.teacher", "pk": 14, "fields": {"name": "李蘇琴", "status": "Active", "department": 4, "position": 1, "gender": "Female", "region": "鶴見區"}}, {"model": "schedule.teacher", "pk": 15, "fields": {"name": "郭云燕", "status": "Active", "department": 4, "position": 1, "gender": "Female", "region": "磯子區"}}, {"model": "schedule.teacher", "pk": 16, "fields": {"name": "鍾謙柔", "status": "Inactive", "department": null, "position": null, "gender": "Female", "region": "鶴見區"}}, {"model": "schedule.teacher", "pk": 17, "fields": {"name": "盧靜恒", "status": "Active", "department": 4, "position": 2, "gender": "Female", "region": "鶴見區"}}, {"model": "schedule.teacher", "pk": 18, "fields": {"name": "曾佳惠", "status": "Active", "department": 4, "position": 2, "gender": "Female", "region": null}}, {"model": "schedule.teacher", "pk": 19, "fields": {"name": "劉嘉信", "status": "Active", "department": 4, "position": 2, "gender": "Male", "region": "鶴見區"}}, {"model": "schedule.teacher", "pk": 20, "fields": {"name": "余妹妹", "status": "Active", "department": 6, "position": 1, "gender": "Female", "region": "鶴見區"}}, {"model": "schedule.teacher", "pk": 21, "fields": {"name": "石渡浩美", "status": "Active", "department": 6, "position": 2, "gender": "Female", "region": "磯子區"}}, {"model": "schedule.teacher", "pk": 22, "fields": {"name": "余璇", "status": "Active", "department": 6, "position": 3, "gender": "Female", "region": "鶴見區"}}, {"model": "schedule.teacher", "pk": 23, "fields": {"name": "遠藤玲", "status": "Active", "department": 6, "position": 2, "gender": "Female", "region": "西區"}}, {"model": "schedule.teacher", "pk": 24, "fields": {"name": "李鳳娟", "status": "Active", "department": 6, "position": 2, "gender": "Female", "region": null}}, {"model": "schedule.teacher", "pk": 25, "fields": {"name": "游挺", "status": "Active", "department": 6, "position": 1, "gender": "Male", "region": null}}, {"model": "schedule.teacher", "pk": 26, "fields": {"name": "郭可欣", "status": "Active", "department": 3, "position": 3, "gender": "Female", "region": null}}, {"model": "schedule.teacher", "pk": 27, "fields": {"name": "石渡隆仁", "status": "Active", "department": 8, "position": 2, "gender": "Male", "region": "磯子區"}}, {"model": "schedule.teacher", "pk": 28, "fields": {"name": "吉村正男", "status": "Active", "department": 8, "position": 1, "gender": "Male", "region": null}}, {"model": "schedule.teacher", "pk": 29, "fields": {"name": "陳思詠", "status": "Active", "department": 8, "position": 2, "gender": "Female", "region": null}}, {"model": "schedule.teacher", "pk": 30, "fields": {"name": "賀來彩夏", "status": "Active", "department": 8, "position": 2, "gender": "Female", "region": null}}, {"model": "schedule.teacher", "pk": 31, "fields": {"name": "施青", "status": "Active", "department": 11, "position": 2, "gender": "Male", "region": null}}, {"model": "schedule.teacher", "pk": 32, "fields": {"name": "楊恭炘", "status": "Active", "department": 11, "position": 1, "gender": "Male", "region": "鶴見區"}}, {"model": "schedule.teacher", "pk": 33, "fields": {"name": "江川建", "status": "Active", "department": 11, "position": 2, "gender": "Male", "region": null}}, {"model": "schedule.teacher", "pk": 34, "fields": {"name": "李小琛", "status": "Active", "department": 11, "position": 2, "gender": "Male", "region": null}}, {"model": "schedule.teacher", "pk": 35, "fields": {"name": "林子賢", "status": "Active", "department": 11, "position": 2, "gender": "Male", "region": null}}, {"model": "schedule.teacher", "pk": 36, "fields": {"name": "游鴻", "status": "Active", "department": 2, "position": 2, "gender": "Female", "region": null}}, {"model": "schedule.teacher", "pk": 37, "fields": {"name": "林風玲", "status": "Inactive", "department": null, "position": null, "gender": "Female", "region": null}}, {"model": "schedule.teacher", "pk": 38, "fields": {"name": "林明艷", "status": "Active", "department": 2, "position": 3, "gender": "Female", "region": null}}, {"model": "schedule.teacher", "pk": 39, "fields": {"name": "何霞", "status": "Inactive", "department": null, "position": null, "gender": "Female", "region": null}}, {"model": "schedule.teacher", "pk": 40, "fields": {"name": "陳慧君", "status": "Active", "department": 1, "position": 2, "gender": "Female", "region": null}}, {"model": "schedule.teacher", "pk": 41, "fields": {"name": "陳敏", "status": "Inactive", "department": null, "position": null, "gender": "Female", "region": null}}, {"model": "schedule.teacher", "pk": 42, "fields": {"name": "林提多", "status": "Inactive", "department": null, "position": null, "gender": "Male", "region": "西區"}}, {"model": "schedule.teacher", "pk": 43, "fields": {"name": "黃啟瑞", "status": "Inactive", "department": null, "position": null, "gender": "Male", "region": "鶴見區"}}, {"model": "schedule.teacher", "pk": 44, "fields": {"name": "林宏盛", "status": "Active", "department": 9, "position": 2, "gender": "Male", "region": "西區"}}, {"model": "schedule.teacher", "pk": 45, "fields": {"name": "張譯勻", "status": "Active", "department": 4, "position": 2, "gender": "Female", "region": "鶴見區"}}, {"model": "schedule.teacher", "pk": 46, "fields": {"name": "高小蘭", "status": "New", "department": null, "position": 3, "gender": "Female", "region": "鶴見區"}}, {"model": "schedule.teacher", "pk": 47, "fields": {"name": "劉嘉敏", "status": "New", "department": null, "position": 3, "gender": "Male", "region": null}}, {"model": "schedule.teacher", "pk": 48, "fields": {"name": "郭冠東", "status": "New", "department": null, "position": 3, "gender": "Male", "region": null}}, {"model": "schedule.teacher", "pk": 49, "fields": {"name": "松永真希", "status": "New", "department": null, "position": 3, "gender": "Female", "region": null}}, {"model": "admin.logentry", "pk": 1, "fields": {"action_time": "2024-12-12T12:56:06.164Z", "user": 1, "content_type": 1, "object_id": "1", "object_repr": "詩頌課", "action_flag": 1, "change_message": "[{\"added\": {}}]"}}, {"model": "admin.logentry", "pk": 2, "fields": {"action_time": "2024-12-12T12:56:13.779Z", "user": 1, "content_type": 1, "object_id": "2", "object_repr": "幼幼班", "action_flag": 1, "change_message": "[{\"added\": {}}]"}}, {"model": "admin.logentry", "pk": 3, "fields": {"action_time": "2024-12-12T12:56:24.132Z", "user": 1, "content_type": 1, "object_id": "3", "object_repr": "幼稚班", "action_flag": 1, "change_message": "[{\"added\": {}}]"}}, {"model": "admin.logentry", "pk": 4, "fields": {"action_time": "2024-12-12T12:56:31.040Z", "user": 1, "content_type": 1, "object_id": "4", "object_repr": "幼年班", "action_flag": 1, "change_message": "[{\"added\": {}}]"}}, {"model": "admin.logentry", "pk": 5, "fields": {"action_time": "2024-12-12T12:56:39.789Z", "user": 1, "content_type": 1, "object_id": "5", "object_repr": "幼年班(中日文)", "action_flag": 1, "change_message": "[{\"added\": {}}]"}}, {"model": "admin.logentry", "pk": 6, "fields": {"action_time": "2024-12-12T12:56:47.315Z", "user": 1, "content_type": 1, "object_id": "6", "object_repr": "少年班", "action_flag": 1, "change_message": "[{\"added\": {}}]"}}, {"model": "admin.logentry", "pk": 7, "fields": {"action_time": "2024-12-12T12:56:55.434Z", "user": 1, "content_type": 1, "object_id": "7", "object_repr": "青教組", "action_flag": 1, "change_message": "[{\"added\": {}}]"}}, {"model": "admin.logentry", "pk": 8, "fields": {"action_time": "2024-12-12T12:57:03.032Z", "user": 1, "content_type": 1, "object_id": "8", "object_repr": "日文班", "action_flag": 1, "change_message": "[{\"added\": {}}]"}}, {"model": "admin.logentry", "pk": 9, "fields": {"action_time": "2024-12-12T12:57:10.243Z", "user": 1, "content_type": 1, "object_id": "9", "object_repr": "口風琴班", "action_flag": 1, "change_message": "[{\"added\": {}}]"}}, {"model": "admin.logentry", "pk": 10, "fields": {"action_time": "2024-12-12T12:57:18.015Z", "user": 1, "content_type": 1, "object_id": "10", "object_repr": "新子安", "action_flag": 1, "change_message": "[{\"added\": {}}]"}}, {"model": "admin.logentry", "pk": 11, "fields": {"action_time": "2024-12-12T12:57:47.554Z", "user": 1, "content_type": 2, "object_id": "1", "object_repr": "班負責", "action_flag": 1, "change_message": "[{\"added\": {}}]"}}, {"model": "admin.logentry", "pk": 12, "fields": {"action_time": "2024-12-12T12:57:56.672Z", "user": 1, "content_type": 2, "object_id": "2", "object_repr": "教員", "action_flag": 1, "change_message": "[{\"added\": {}}]"}}, {"model": "admin.logentry", "pk": 13, "fields": {"action_time": "2024-12-12T12:58:11.514Z", "user": 1, "content_type": 2, "object_id": "3", "object_repr": "助教", "action_flag": 1, "change_message": "[{\"added\": {}}]"}}, {"model": "admin.logentry", "pk": 14, "fields": {"action_time": "2024-12-12T12:58:38.129Z", "user": 1, "content_type": 5, "object_id": "1", "object_repr": "翁麗娜", "action_flag": 1, "change_message": "[{\"added\": {}}]"}}, {"model": "admin.logentry", "pk": 15, "fields": {"action_time": "2024-12-12T12:59:41.246Z", "user": 1, "content_type": 5, "object_id": "2", "object_repr": "吉村美嘉", "action_flag": 1, "change_message": "[{\"added\": {}}]"}}, {"model": "admin.logentry", "pk": 16, "fields": {"action_time": "2024-12-12T13:00:11.430Z", "user": 1, "content_type": 5, "object_id": "3", "object_repr": "邱璐", "action_flag": 1, "change_message": "[{\"added\": {}}]"}}, {"model": "admin.logentry", "pk": 17, "fields": {"action_time": "2024-12-12T13:00:29.200Z", "user": 1, "content_type": 5, "object_id": "4", "object_repr": "王云欽", "action_flag": 1, "change_message": "[{\"added\": {}}]"}}, {"model": "admin.logentry", "pk": 18, "fields": {"action_time": "2024-12-12T13:00:42.417Z", "user": 1, "content_type": 5, "object_id": "5", "object_repr": "翁霞霞", "action_flag": 1, "change_message": "[{\"added\": {}}]"}}, {"model": "admin.logentry", "pk": 19, "fields": {"action_time": "2024-12-12T13:01:01.458Z", "user": 1, "content_type": 5, "object_id": "6", "object_repr": "江萍", "action_flag": 1, "change_message": "[{\"added\": {}}]"}}, {"model": "admin.logentry", "pk": 20, "fields": {"action_time": "2024-12-12T13:01:15.574Z", "user": 1, "content_type": 5, "object_id": "7", "object_repr": "陳小紅", "action_flag": 1, "change_message": "[{\"added\": {}}]"}}, {"model": "admin.logentry", "pk": 21, "fields": {"action_time": "2024-12-12T13:01:34.009Z", "user": 1, "content_type": 5, "object_id": "8", "object_repr": "王美娟", "action_flag": 1, "change_message": "[{\"added\": {}}]"}}, {"model": "admin.logentry", "pk": 22, "fields": {"action_time": "2024-12-12T13:02:10.717Z", "user": 1, "content_type": 5, "object_id": "9", "object_repr": "黃穎", "action_flag": 1, "change_message": "[{\"added\": {}}]"}}, {"model": "admin.logentry", "pk": 23, "fields": {"action_time": "2024-12-12T13:02:29.571Z", "user": 1, "content_type": 5, "object_id": "10", "object_repr": "王巧玲", "action_flag": 1, "change_message": "[{\"added\": {}}]"}}, {"model": "admin.logentry", "pk": 24, "fields": {"action_time": "2024-12-12T13:02:44.370Z", "user": 1, "content_type": 5, "object_id": "11", "object_repr": "陳奇然", "action_flag": 1, "change_message": "[{\"added\": {}}]"}}, {"model": "admin.logentry", "pk": 25, "fields": {"action_time": "2024-12-12T13:03:02.963Z", "user": 1, "content_type": 5, "object_id": "12", "object_repr": "林小麗", "action_flag": 1, "change_message": "[{\"added\": {}}]"}}, {"model": "admin.logentry", "pk": 26, "fields": {"action_time": "2024-12-12T13:03:34.927Z", "user": 1, "content_type": 5, "object_id": "13", "object_repr": "陳鳳", "action_flag": 1, "change_message": "[{\"added\": {}}]"}}, {"model": "admin.logentry", "pk": 27, "fields": {"action_time": "2024-12-12T13:03:56.342Z", "user": 1, "content_type": 5, "object_id": "14", "object_repr": "李蘇琴", "action_flag": 1, "change_message": "[{\"added\": {}}]"}}, {"model": "admin.logentry", "pk": 28, "fields": {"action_time": "2024-12-12T13:04:31.602Z", "user": 1, "content_type": 5, "object_id": "15", "object_repr": "郭云燕", "action_flag": 1, "change_message": "[{\"added\": {}}]"}}, {"model": "admin.logentry", "pk": 29, "fields": {"action_time": "2024-12-12T13:05:03.615Z", "user": 1, "content_type": 5, "object_id": "16", "object_repr": "鍾謙柔", "action_flag": 1, "change_message": "[{\"added\": {}}]"}}, {"model": "admin.logentry", "pk": 30, "fields": {"action_time": "2024-12-12T13:05:31.547Z", "user": 1, "content_type": 5, "object_id": "17", "object_repr": "盧靜恒", "action_flag": 1, "change_message": "[{\"added\": {}}]"}}, {"model": "admin.logentry", "pk": 31, "fields": {"action_time": "2024-12-12T13:09:27.840Z", "user": 1, "content_type": 5, "object_id": "16", "object_repr": "鍾謙柔", "action_flag": 2, "change_message": "[{\"changed\": {\"fields\": [\"Region\"]}}]"}}, {"model": "admin.logentry", "pk": 32, "fields": {"action_time": "2024-12-12T13:10:44.349Z", "user": 1, "content_type": 5, "object_id": "18", "object_repr": "曾佳惠", "action_flag": 1, "change_message": "[{\"added\": {}}]"}}, {"model": "admin.logentry", "pk": 33, "fields": {"action_time": "2024-12-12T13:11:20.654Z", "user": 1, "content_type": 5, "object_id": "19", "object_repr": "劉嘉信", "action_flag": 1, "change_message": "[{\"added\": {}}]"}}, {"model": "admin.logentry", "pk": 34, "fields": {"action_time": "2024-12-12T13:11:51.584Z", "user": 1, "content_type": 5, "object_id": "20", "object_repr": "余妹妹", "action_flag": 1, "change_message": "[{\"added\": {}}]"}}, {"model": "admin.logentry", "pk": 35, "fields": {"action_time": "2024-12-12T13:12:40.191Z", "user": 1, "content_type": 5, "object_id": "21", "object_repr": "石渡浩美", "action_flag": 1, "change_message": "[{\"added\": {}}]"}}, {"model": "admin.logentry", "pk": 36, "fields": {"action_time": "2024-12-12T13:13:10.582Z", "user": 1, "content_type": 5, "object_id": "22", "object_repr": "余璇", "action_flag": 1, "change_message": "[{\"added\": {}}]"}}, {"model": "admin.logentry", "pk": 37, "fields": {"action_time": "2024-12-12T13:13:44.869Z", "user": 1, "content_type": 5, "object_id": "23", "object_repr": "遠藤玲", "action_flag": 1, "change_message": "[{\"added\": {}}]"}}, {"model": "admin.logentry", "pk": 38, "fields": {"action_time": "2024-12-12T13:14:47.302Z", "user": 1, "content_type": 5, "object_id": "24", "object_repr": "李鳳娟", "action_flag": 1, "change_message": "[{\"added\": {}}]"}}, {"model": "admin.logentry", "pk": 39, "fields": {"action_time": "2024-12-12T13:15:14.787Z", "user": 1, "content_type": 5, "object_id": "25", "object_repr": "游挺", "action_flag": 1, "change_message": "[{\"added\": {}}]"}}, {"model": "admin.logentry", "pk": 40, "fields": {"action_time": "2024-12-12T13:15:34.806Z", "user": 1, "content_type": 5, "object_id": "26", "object_repr": "郭可欣", "action_flag": 1, "change_message": "[{\"added\": {}}]"}}, {"model": "admin.logentry", "pk": 41, "fields": {"action_time": "2024-12-12T13:15:59.687Z", "user": 1, "content_type": 5, "object_id": "27", "object_repr": "石渡隆仁", "action_flag": 1, "change_message": "[{\"added\": {}}]"}}, {"model": "admin.logentry", "pk": 42, "fields": {"action_time": "2024-12-12T13:16:18.115Z", "user": 1, "content_type": 5, "object_id": "28", "object_repr": "吉村正男", "action_flag": 1, "change_message": "[{\"added\": {}}]"}}, {"model": "admin.logentry", "pk": 43, "fields": {"action_time": "2024-12-12T13:16:36.778Z", "user": 1, "content_type": 5, "object_id": "29", "object_repr": "陳思詠", "action_flag": 1, "change_message": "[{\"added\": {}}]"}}, {"model": "admin.logentry", "pk": 44, "fields": {"action_time": "2024-12-12T13:17:04.869Z", "user": 1, "content_type": 5, "object_id": "30", "object_repr": "賀來彩夏", "action_flag": 1, "change_message": "[{\"added\": {}}]"}}, {"model": "admin.logentry", "pk": 45, "fields": {"action_time": "2024-12-12T13:17:42.444Z", "user": 1, "content_type": 1, "object_id": "11", "object_repr": "中文班", "action_flag": 1, "change_message": "[{\"added\": {}}]"}}, {"model": "admin.logentry", "pk": 46, "fields": {"action_time": "2024-12-12T13:18:26.412Z", "user": 1, "content_type": 5, "object_id": "31", "object_repr": "施青", "action_flag": 1, "change_message": "[{\"added\": {}}]"}}, {"model": "admin.logentry", "pk": 47, "fields": {"action_time": "2024-12-12T13:18:45.389Z", "user": 1, "content_type": 5, "object_id": "32", "object_repr": "楊恭炘", "action_flag": 1, "change_message": "[{\"added\": {}}]"}}, {"model": "admin.logentry", "pk": 48, "fields": {"action_time": "2024-12-12T13:19:01.481Z", "user": 1, "content_type": 5, "object_id": "33", "object_repr": "江川建", "action_flag": 1, "change_message": "[{\"added\": {}}]"}}, {"model": "admin.logentry", "pk": 49, "fields": {"action_time": "2024-12-12T13:19:22.271Z", "user": 1, "content_type": 5, "object_id": "34", "object_repr": "李小琛", "action_flag": 1, "change_message": "[{\"added\": {}}]"}}, {"model": "admin.logentry", "pk": 50, "fields": {"action_time": "2024-12-12T13:19:40.383Z", "user": 1, "content_type": 5, "object_id": "35", "object_repr": "林子賢", "action_flag": 1, "change_message": "[{\"added\": {}}]"}}, {"model": "admin.logentry", "pk": 51, "fields": {"action_time": "2024-12-12T13:19:57.189Z", "user": 1, "content_type": 5, "object_id": "36", "object_repr": "游鴻", "action_flag": 1, "change_message": "[{\"added\": {}}]"}}, {"model": "admin.logentry", "pk": 52, "fields": {"action_time": "2024-12-12T13:27:51.841Z", "user": 1, "content_type": 5, "object_id": "37", "object_repr": "林風玲", "action_flag": 1, "change_message": "[{\"added\": {}}]"}}, {"model": "admin.logentry", "pk": 53, "fields": {"action_time": "2024-12-12T13:28:11.526Z", "user": 1, "content_type": 5, "object_id": "38", "object_repr": "林明艷", "action_flag": 1, "change_message": "[{\"added\": {}}]"}}, {"model": "admin.logentry", "pk": 54, "fields": {"action_time": "2024-12-12T13:28:29.178Z", "user": 1, "content_type": 5, "object_id": "39", "object_repr": "何霞", "action_flag": 1, "change_message": "[{\"added\": {}}]"}}, {"model": "admin.logentry", "pk": 55, "fields": {"action_time": "2024-12-12T13:28:43.203Z", "user": 1, "content_type": 5, "object_id": "40", "object_repr": "陳慧君", "action_flag": 1, "change_message": "[{\"added\": {}}]"}}, {"model": "admin.logentry", "pk": 56, "fields": {"action_time": "2024-12-12T13:29:35.346Z", "user": 1, "content_type": 5, "object_id": "41", "object_repr": "陳敏", "action_flag": 1, "change_message": "[{\"added\": {}}]"}}, {"model": "admin.logentry", "pk": 57, "fields": {"action_time": "2024-12-12T13:29:52.974Z", "user": 1, "content_type": 5, "object_id": "42", "object_repr": "林提多", "action_flag": 1, "change_message": "[{\"added\": {}}]"}}, {"model": "admin.logentry", "pk": 58, "fields": {"action_time": "2024-12-12T13:30:14.349Z", "user": 1, "content_type": 5, "object_id": "43", "object_repr": "黃啟瑞", "action_flag": 1, "change_message": "[{\"added\": {}}]"}}, {"model": "admin.logentry", "pk": 59, "fields": {"action_time": "2024-12-12T13:30:38.036Z", "user": 1, "content_type": 5, "object_id": "44", "object_repr": "林宏盛", "action_flag": 1, "change_message": "[{\"added\": {}}]"}}, {"model": "admin.logentry", "pk": 60, "fields": {"action_time": "2024-12-12T13:31:01.125Z", "user": 1, "content_type": 5, "object_id": "45", "object_repr": "張譯勻", "action_flag": 1, "change_message": "[{\"added\": {}}]"}}, {"model": "admin.logentry", "pk": 61, "fields": {"action_time": "2024-12-12T13:40:48.657Z", "user": 1, "content_type": 5, "object_id": "46", "object_repr": "Test", "action_flag": 1, "change_message": "[{\"added\": {}}]"}}, {"model": "admin.logentry", "pk": 62, "fields": {"action_time": "2024-12-12T13:41:53.829Z", "user": 1, "content_type": 5, "object_id": "16", "object_repr": "鍾謙柔", "action_flag": 2, "change_message": "[{\"changed\": {\"fields\": [\"Department\", \"Position\"]}}]"}}, {"model": "admin.logentry", "pk": 63, "fields": {"action_time": "2024-12-12T13:41:53.830Z", "user": 1, "content_type": 5, "object_id": "46", "object_repr": "高小蘭", "action_flag": 2, "change_message": "[{\"changed\": {\"fields\": [\"Status\", \"Position\", \"Name\", \"Region\"]}}]"}}, {"model": "admin.logentry", "pk": 64, "fields": {"action_time": "2024-12-12T13:42:36.962Z", "user": 1, "content_type": 5, "object_id": "47", "object_repr": "劉嘉敏", "action_flag": 1, "change_message": "[{\"added\": {}}]"}}, {"model": "admin.logentry", "pk": 65, "fields": {"action_time": "2024-12-12T13:42:56.660Z", "user": 1, "content_type": 5, "object_id": "48", "object_repr": "郭冠東", "action_flag": 1, "change_message": "[{\"added\": {}}]"}}, {"model": "admin.logentry", "pk": 66, "fields": {"action_time": "2024-12-12T13:43:15.530Z", "user": 1, "content_type": 5, "object_id": "49", "object_repr": "松永真希", "action_flag": 1, "change_message": "[{\"added\": {}}]"}}, {"model": "auth.permission", "pk": 1, "fields": {"name": "Can add department", "content_type": 1, "codename": "add_department"}}, {"model": "auth.permission", "pk": 2, "fields": {"name": "Can change department", "content_type": 1, "codename": "change_department"}}, {"model": "auth.permission", "pk": 3, "fields": {"name": "Can delete department", "content_type": 1, "codename": "delete_department"}}, {"model": "auth.permission", "pk": 4, "fields": {"name": "Can view department", "content_type": 1, "codename": "view_department"}}, {"model": "auth.permission", "pk": 5, "fields": {"name": "Can add position", "content_type": 2, "codename": "add_position"}}, {"model": "auth.permission", "pk": 6, "fields": {"name": "Can change position", "content_type": 2, "codename": "change_position"}}, {"model": "auth.permission", "pk": 7, "fields": {"name": "Can delete position", "content_type": 2, "codename": "delete_position"}}, {"model": "auth.permission", "pk": 8, "fields": {"name": "Can view position", "content_type": 2, "codename": "view_position"}}, {"model": "auth.permission", "pk": 9, "fields": {"name": "Can add schedule", "content_type": 3, "codename": "add_schedule"}}, {"model": "auth.permission", "pk": 10, "fields": {"name": "Can change schedule", "content_type": 3, "codename": "change_schedule"}}, {"model": "auth.permission", "pk": 11, "fields": {"name": "Can delete schedule", "content_type": 3, "codename": "delete_schedule"}}, {"model": "auth.permission", "pk": 12, "fields": {"name": "Can view schedule", "content_type": 3, "codename": "view_schedule"}}, {"model": "auth.permission", "pk": 13, "fields": {"name": "Can add Activity", "content_type": 4, "codename": "add_activity"}}, {"model": "auth.permission", "pk": 14, "fields": {"name": "Can change Activity", "content_type": 4, "codename": "change_activity"}}, {"model": "auth.permission", "pk": 15, "fields": {"name": "Can delete Activity", "content_type": 4, "codename": "delete_activity"}}, {"model": "auth.permission", "pk": 16, "fields": {"name": "Can view Activity", "content_type": 4, "codename": "view_activity"}}, {"model": "auth.permission", "pk": 17, "fields": {"name": "Can add teacher", "content_type": 5, "codename": "add_teacher"}}, {"model": "auth.permission", "pk": 18, "fields": {"name": "Can change teacher", "content_type": 5, "codename": "change_teacher"}}, {"model": "auth.permission", "pk": 19, "fields": {"name": "Can delete teacher", "content_type": 5, "codename": "delete_teacher"}}, {"model": "auth.permission", "pk": 20, "fields": {"name": "Can view teacher", "content_type": 5, "codename": "view_teacher"}}, {"model": "auth.permission", "pk": 21, "fields": {"name": "Can add role assignment", "content_type": 6, "codename": "add_roleassignment"}}, {"model": "auth.permission", "pk": 22, "fields": {"name": "Can change role assignment", "content_type": 6, "codename": "change_roleassignment"}}, {"model": "auth.permission", "pk": 23, "fields": {"name": "Can delete role assignment", "content_type": 6, "codename": "delete_roleassignment"}}, {"model": "auth.permission", "pk": 24, "fields": {"name": "Can view role assignment", "content_type": 6, "codename": "view_roleassignment"}}, {"model": "auth.permission", "pk": 25, "fields": {"name": "Can add log entry", "content_type": 7, "codename": "add_logentry"}}, {"model": "auth.permission", "pk": 26, "fields": {"name": "Can change log entry", "content_type": 7, "codename": "change_logentry"}}, {"model": "auth.permission", "pk": 27, "fields": {"name": "Can delete log entry", "content_type": 7, "codename": "delete_logentry"}}, {"model": "auth.permission", "pk": 28, "fields": {"name": "Can view log entry", "content_type": 7, "codename": "view_logentry"}}, {"model": "auth.permission", "pk": 29, "fields": {"name": "Can add permission", "content_type": 8, "codename": "add_permission"}}, {"model": "auth.permission", "pk": 30, "fields": {"name": "Can change permission", "content_type": 8, "codename": "change_permission"}}, {"model": "auth.permission", "pk": 31, "fields": {"name": "Can delete permission", "content_type": 8, "codename": "delete_permission"}}, {"model": "auth.permission", "pk": 32, "fields": {"name": "Can view permission", "content_type": 8, "codename": "view_permission"}}, {"model": "auth.permission", "pk": 33, "fields": {"name": "Can add group", "content_type": 9, "codename": "add_group"}}, {"model": "auth.permission", "pk": 34, "fields": {"name": "Can change group", "content_type": 9, "codename": "change_group"}}, {"model": "auth.permission", "pk": 35, "fields": {"name": "Can delete group", "content_type": 9, "codename": "delete_group"}}, {"model": "auth.permission", "pk": 36, "fields": {"name": "Can view group", "content_type": 9, "codename": "view_group"}}, {"model": "auth.permission", "pk": 37, "fields": {"name": "Can add user", "content_type": 10, "codename": "add_user"}}, {"model": "auth.permission", "pk": 38, "fields": {"name": "Can change user", "content_type": 10, "codename": "change_user"}}, {"model": "auth.permission", "pk": 39, "fields": {"name": "Can delete user", "content_type": 10, "codename": "delete_user"}}, {"model": "auth.permission", "pk": 40, "fields": {"name": "Can view user", "content_type": 10, "codename": "view_user"}}, {"model": "auth.permission", "pk": 41, "fields": {"name": "Can add content type", "content_type": 11, "codename": "add_contenttype"}}, {"model": "auth.permission", "pk": 42, "fields": {"name": "Can change content type", "content_type": 11, "codename": "change_contenttype"}}, {"model": "auth.permission", "pk": 43, "fields": {"name": "Can delete content type", "content_type": 11, "codename": "delete_contenttype"}}, {"model": "auth.permission", "pk": 44, "fields": {"name": "Can view content type", "content_type": 11, "codename": "view_contenttype"}}, {"model": "auth.permission", "pk": 45, "fields": {"name": "Can add session", "content_type": 12, "codename": "add_session"}}, {"model": "auth.permission", "pk": 46, "fields": {"name": "Can change session", "content_type": 12, "codename": "change_session"}}, {"model": "auth.permission", "pk": 47, "fields": {"name": "Can delete session", "content_type": 12, "codename": "delete_session"}}, {"model": "auth.permission", "pk": 48, "fields": {"name": "Can view session", "content_type": 12, "codename": "view_session"}}, {"model": "auth.user", "pk": 1, "fields": {"password": "pbkdf2_sha256$870000$zW5rvlJkr7SAKFf0l5GiAh$d9Wei4VbqldzGZTXkaIvNhlLSkwhaiHpSlLzPUZX7GY=", "last_login": "2024-12-12T12:55:43.687Z", "is_superuser": true, "username": "renjieshie", "first_name": "", "last_name": "", "email": "rickyshie0724@gmail.com", "is_staff": true, "is_active": true, "date_joined": "2024-12-12T12:55:27.624Z", "groups": [], "user_permissions": []}}, {"model": "contenttypes.contenttype", "pk": 1, "fields": {"app_label": "schedule", "model": "department"}}, {"model": "contenttypes.contenttype", "pk": 2, "fields": {"app_label": "schedule", "model": "position"}}, {"model": "contenttypes.contenttype", "pk": 3, "fields": {"app_label": "schedule", "model": "schedule"}}, {"model": "contenttypes.contenttype", "pk": 4, "fields": {"app_label": "schedule", "model": "activity"}}, {"model": "contenttypes.contenttype", "pk": 5, "fields": {"app_label": "schedule", "model": "teacher"}}, {"model": "contenttypes.contenttype", "pk": 6, "fields": {"app_label": "schedule", "model": "roleassignment"}}, {"model": "contenttypes.contenttype", "pk": 7, "fields": {"app_label": "admin", "model": "logentry"}}, {"model": "contenttypes.contenttype", "pk": 8, "fields": {"app_label": "auth", "model": "permission"}}, {"model": "contenttypes.contenttype", "pk": 9, "fields": {"app_label": "auth", "model": "group"}}, {"model": "contenttypes.contenttype", "pk": 10, "fields": {"app_label": "auth", "model": "user"}}, {"model": "contenttypes.contenttype", "pk": 11, "fields": {"app_label": "contenttypes", "model": "contenttype"}}, {"model": "contenttypes.contenttype", "pk": 12, "fields": {"app_label": "sessions", "model": "session"}}, {"model": "sessions.session", "pk": "mp68y1fupqedrc4ulx0bb3u2treojn7f", "fields": {"session_data": ".eJxVjMsOwiAUBf-FtSG8SolL934DuQ-QqoGktKvGfzckXej2zMw5RIR9K3HvaY0Li6vQ4vK7IdAr1QH4CfXRJLW6rQvKociTdnlvnN630_07KNDLqGmaTWDIWjnPjj2zVWg9k9HZEQaXIAeDCNYielJmNqwmnRECaePE5wsC5Dib:1tLijH:7O4gcT-Ei155uhcrZ1VBoHS9apDnyDSzqEnKH9HWYiw", "expire_date": "2024-12-26T12:55:43.688Z"}}]